{
    "material": 121.76881798674498,
    "pieceCount": 45.61796027494238,
    "villagerSafety": 22.8571626670898,
    "villagerExposure": 1.7142942792942513e-9,
    "villagerCorner": 10.382264517304408,
    "kingShelter": 27.90839994168925,
    "villagerThreat": 0.01,
    "nearVillagerThreat": 1.7142942792942513e-9,
    "advancement": 2.804762232971125,
    "centerControl": -3.3071325738809816,
    "spawnPressure": 0.01,
    "enemyInSpawn": 1.7142942792942513e-9,
    "offensivePressure": 0.01,
    "enemyProximity": 0.01,
    "distToEnemyVillager": 0.01,
    "enemyDistToVillager": 25.395783474082744,
    "mobility": 1.7142942792942513e-9,
    "boardControl": 1.7142942792942513e-9,
    "manaEfficiency": -17.14289361610108,
    "manaReserve": 8.57145390972256,
    "cardAdvantage": 0.01,
    "pieceCoordination": 45.71428320450714,
    "isolatedPiece": 0.01,
    "defendedPiece": 32.81153100533406,
    "hangingPiece": 0.01,
    "forkBonus": 1.7142942792942513e-9,
    "rangedAdvantage": 4.114305822624527,
    "catMana": 0.011368495110911538,
    "creeperProximity": 1.7142942792942513e-9,
    "skeletonLane": 0.011649294562307434,
    "blazeAttack": 1.7142942792942513e-9,
    "phantomMobility": 2.8571418851923824,
    "endermanTeleport": 2.8571390630667355,
    "pieceSynergy": 0.01,
    "clusterBonus": 19.515622184025005,
    "tempoBonus": 2.8571543173423954,
    "endgameWeight": 0.000009342475510762618,
    "endgameKingHunt": -0.00009342475510762621,
    "passedPiece": 0.01,
    "trappedPiece": 1.7142942792942513e-9,
    "laneControl": 27.81003577680762
}