{
    "material": 184.30134141581917,
    "pieceCount": 46.45406478296862,
    "villagerSafety": 14.05277049907862,
    "villagerExposure": 0.01,
    "villagerCorner": 10.660008278246407,
    "kingShelter": 36.68212931375847,
    "villagerThreat": 0.010124389676064419,
    "nearVillagerThreat": 0.012326086363987751,
    "advancement": 2.67976105415726,
    "centerControl": 0.011991155366648456,
    "spawnPressure": 0.0115825803439404,
    "enemyInSpawn": 0.01,
    "offensivePressure": 0.012838831272383763,
    "enemyProximity": 0.012900094085231944,
    "distToEnemyVillager": 0.01,
    "enemyDistToVillager": 23.326406711998416,
    "mobility": 0.011380601966559963,
    "boardControl": 0.012734377862798095,
    "manaEfficiency": 0.01440713130144119,
    "manaReserve": 14.187017716071342,
    "cardAdvantage": 0.012923751906040106,
    "pieceCoordination": 33.9819393900781,
    "isolatedPiece": 0.01,
    "defendedPiece": 29.8831682940564,
    "hangingPiece": 0.01,
    "forkBonus": 0.011979128261824436,
    "rangedAdvantage": 3.2482311453401858,
    "catMana": 0.011368495110911538,
    "creeperProximity": 0.012596649143314827,
    "skeletonLane": 0.015815261248554643,
    "blazeAttack": 0.01,
    "phantomMobility": 2.151039722843011,
    "endermanTeleport": 3.0065059508883247,
    "pieceSynergy": 0.01273713063244644,
    "clusterBonus": 20.455964839804707,
    "tempoBonus": 2.6063311461011054,
    "endgameWeight": 0.011077180457332936,
    "endgameKingHunt": 0.0114201696854259,
    "passedPiece": 0.01,
    "trappedPiece": 0.01,
    "laneControl": 29.32591790945538
}