{
    "material": 100,
    "pieceCount": 42.857133607538515,
    "villagerSafety": 22.8571626670898,
    "villagerExposure": 1.7142942792942513e-9,
    "villagerCorner": 8.571458712439968,
    "kingShelter": 22.8571626670898,
    "villagerThreat": 1.7142942792942513e-9,
    "nearVillagerThreat": 1.7142942792942513e-9,
    "advancement": 2.2278805887981314,
    "centerControl": -3.3071325738809816,
    "spawnPressure": 1.7142942792942513e-9,
    "enemyInSpawn": 1.7142942792942513e-9,
    "offensivePressure": 1.7142942792942513e-9,
    "enemyProximity": 1.7142942792942513e-9,
    "distToEnemyVillager": -20.000086603071786,
    "enemyDistToVillager": 25.71437613731999,
    "mobility": 1.7142942792942513e-9,
    "boardControl": 1.7142942792942513e-9,
    "manaEfficiency": -17.14289361610108,
    "manaReserve": 8.57145390972256,
    "cardAdvantage": 0.0000747233935094512,
    "pieceCoordination": 45.71428320450714,
    "isolatedPiece": -0.0000016518744407024426,
    "defendedPiece": 45.71428485809615,
    "hangingPiece": -0.0000016518744407024426,
    "forkBonus": 1.7142942792942513e-9,
    "rangedAdvantage": 5.71428372380903,
    "catMana": 1.7142942792942513e-9,
    "creeperProximity": 1.7142942792942513e-9,
    "skeletonLane": 1.7142942792942513e-9,
    "blazeAttack": 1.7142942792942513e-9,
    "phantomMobility": 2.8571418851923824,
    "endermanTeleport": 2.8571390630667355,
    "pieceSynergy": 1.7142942792942513e-9,
    "clusterBonus": 26.520991328643568,
    "tempoBonus": 2.8571543173423954,
    "endgameWeight": 0.000009342475510762618,
    "endgameKingHunt": -0.00009342475510762621,
    "passedPiece": 1.7142942792942513e-9,
    "trappedPiece": 1.7142942792942513e-9,
    "laneControl": 22.857161113310752
}