{
    "material": 133.53778724033936,
    "pieceCount": 45.61796027494238,
    "villagerSafety": 20.485078146908023,
    "villagerExposure": 1.7142942792942513e-9,
    "villagerCorner": 12.584643181522068,
    "kingShelter": 27.90839994168925,
    "villagerThreat": 0.010624355559187032,
    "nearVillagerThreat": 0.01,
    "advancement": 2.295434657386093,
    "centerControl": -3.3071325738809816,
    "spawnPressure": 0.01,
    "enemyInSpawn": 1.7142942792942513e-9,
    "offensivePressure": 0.01,
    "enemyProximity": 0.01,
    "distToEnemyVillager": 0.01,
    "enemyDistToVillager": 25.395783474082744,
    "mobility": 1.7142942792942513e-9,
    "boardControl": 0.01,
    "manaEfficiency": 0.01,
    "manaReserve": 9.570381795014011,
    "cardAdvantage": 0.01,
    "pieceCoordination": 45.71428320450714,
    "isolatedPiece": 0.01176711758008506,
    "defendedPiece": 27.683699527729615,
    "hangingPiece": 0.01,
    "forkBonus": 1.7142942792942513e-9,
    "rangedAdvantage": 4.76201533607048,
    "catMana": 0.011368495110911538,
    "creeperProximity": 0.01,
    "skeletonLane": 0.011649294562307434,
    "blazeAttack": 0.01,
    "phantomMobility": 2.8571418851923824,
    "endermanTeleport": 3.0616797525793156,
    "pieceSynergy": 0.01,
    "clusterBonus": 19.515622184025005,
    "tempoBonus": 3.076168159161387,
    "endgameWeight": 0.000009342475510762618,
    "endgameKingHunt": 0.01,
    "passedPiece": 0.01,
    "trappedPiece": 1.7142942792942513e-9,
    "laneControl": 27.81003577680762
}