{
    "material": 133.53778724033936,
    "pieceCount": 48.36818855917694,
    "villagerSafety": 16.085849659971647,
    "villagerExposure": 1.7142942792942513e-9,
    "villagerCorner": 9.159209762279408,
    "kingShelter": 34.99404424273418,
    "villagerThreat": 0.01,
    "nearVillagerThreat": 0.010375637754969504,
    "advancement": 2.295434657386093,
    "centerControl": 0.012689688540259255,
    "spawnPressure": 0.01,
    "enemyInSpawn": 0.01,
    "offensivePressure": 0.01,
    "enemyProximity": 0.01,
    "distToEnemyVillager": 0.010118830768543783,
    "enemyDistToVillager": 25.447870543020557,
    "mobility": 0.01,
    "boardControl": 0.01,
    "manaEfficiency": 0.01,
    "manaReserve": 9.570381795014011,
    "cardAdvantage": 0.01,
    "pieceCoordination": 51.7268443024788,
    "isolatedPiece": 0.01,
    "defendedPiece": 21.290565507476952,
    "hangingPiece": 0.01,
    "forkBonus": 0.01282236451409697,
    "rangedAdvantage": 4.981053511769676,
    "catMana": 0.011368495110911538,
    "creeperProximity": 0.012596649143314827,
    "skeletonLane": 0.013165349622481223,
    "blazeAttack": 0.01,
    "phantomMobility": 2.8571418851923824,
    "endermanTeleport": 3.241055782647928,
    "pieceSynergy": 0.01,
    "clusterBonus": 13.215191146175561,
    "tempoBonus": 3.076168159161387,
    "endgameWeight": 0.000009342475510762618,
    "endgameKingHunt": 0.01,
    "passedPiece": 0.01,
    "trappedPiece": 0.01,
    "laneControl": 25.966093607391954
}